1,a,1,a
9,a capella,7,akapEla
10,a cappella,7,akapEla
11,a contrario,9,ak§tRaRjo
10,a fortiori,9,afORsjoRi
8,a giorno,8,adZjORno
10,a l'instar,7,al5staR
12,a posteriori,11,apOsteRjoRi
8,a priori,8,apRijoRi
2,aa,2,aa
10,ab absurdo,9,abapsuRdo
9,ab initio,8,abinisjo
6,ab ovo,5,abovo
5,abaca,5,abaka
9,abaissant,5,abEs@
7,abaisse,4,abEs
14,abaisse-langue,7,abEsl@g
11,abaissement,7,abEs°m@
8,abaisser,5,abese
7,abaissé,5,abese
7,abalone,6,abalOn
7,abandon,5,ab@d§
10,abandonner,7,ab@done
12,abandonnique,8,ab@donik
9,abandonné,7,ab@done
6,abaque,4,abak
9,abasourdi,8,abazuRdi
10,abasourdir,9,abazuRdiR
14,abasourdissant,10,abazuRdis@
4,abat,3,aba
9,abat-jour,6,abaZuR
8,abat-son,5,abas§
7,abatage,6,abataZ
6,abatis,5,abati
8,abattage,6,abataZ
8,abattant,5,abat@
10,abattement,7,abat°m@
8,abatteur,6,abat9R
7,abattis,5,abati
8,abattoir,7,abatwaR
7,abattre,5,abatR
6,abattu,5,abaty
8,abbatial,7,abasjal
9,abbatiale,7,abasjal
6,abbaye,4,abei
4,abbé,3,abe
3,abc,5,abese
5,abcès,4,apsE
10,abdication,9,abdikasj§
8,abdiquer,6,abdike
7,abdomen,7,abdomEn
9,abdominal,9,abdominal
5,abdos,4,abdo
9,abducteur,8,abdykt9R
9,abduction,8,abdyksj§
7,abeille,4,abEj
4,aber,3,abe
8,aberrant,5,abER@
10,aberration,8,abERasj§
8,abhorrer,5,abORe
7,abhorré,5,abORe
6,abject,6,abZEkt
11,abjectement,9,abZEkt°m@
9,abjection,8,abZEksj§
10,abjuration,9,abZyRasj§
7,abjurer,6,abZyRe
7,abkhaze,5,abkaz
7,ablatif,7,ablatif
8,ablation,7,ablasj§
4,able,3,abl
7,ablette,5,ablEt
8,ablution,7,ablysj§
10,abnégation,9,abnegasj§
4,aboi,4,abwa
9,aboiement,6,abwam@
5,aboli,5,aboli
6,abolir,6,aboliR
9,abolition,8,abolisj§
14,abolitionniste,12,abolisjonist
10,abominable,9,abominabl
14,abominablement,12,abominabl°m@
11,abomination,10,abominasj§
8,abominer,7,abomine
11,abondamment,7,ab§dam@
9,abondance,6,ab§d@s
8,abondant,5,ab§d@
7,abonder,5,ab§de
10,abonnement,7,abOn°m@
7,abonner,5,abone
6,abonné,5,abone
5,abord,4,abOR
9,abordable,8,abORdabl
8,abordage,7,abORdaZ
7,aborder,6,abORde
6,abordé,6,abORde
9,aborigène,8,aboRiZEn
10,abornement,8,abORn°m@
7,abortif,7,abORtif
8,aboucher,5,abuSe
7,abouler,5,abule
7,aboulie,5,abuli
9,aboulique,6,abulik
5,about,3,abu
6,abouti,5,abuti
7,aboutir,6,abutiR
11,aboutissant,7,abutis@
13,aboutissement,9,abutis°m@
7,aboyant,6,abwaj@
6,aboyer,6,abwaje
7,aboyeur,7,abwaj9R
11,abracadabra,11,abRakadabRa
13,abracadabrant,11,abRakadabR@
7,abrasif,7,abRazif
8,abrasion,7,abRazj§
7,abraxas,8,abRaksas
9,abreuvage,7,abR9vaZ
8,abreuver,6,abR9ve
9,abreuvoir,8,abR9vwaR
7,abreuvé,6,abR9ve
4,abri,4,abRi
11,abri-refuge,9,abRiR°fyZ
7,abribus,7,abRibys
7,abricot,6,abRiko
10,abricotier,9,abRikotje
10,abricotine,9,abRikotin
8,abritant,6,abRit@
7,abriter,6,abRite
6,abrité,6,abRite
10,abrogation,9,abRogasj§
7,abroger,6,abRoZe
6,abrogé,6,abRoZe
6,abrupt,6,abRypt
11,abruptement,9,abRypt°m@
6,abruti,6,abRyti
7,abrutir,7,abRytiR
11,abrutissant,8,abRytis@
13,abrutissement,10,abRytis°m@
11,abrutisseur,9,abRytis9R
7,abréger,6,abReZe
6,abrégé,6,abReZe
10,abréviatif,10,abRevjatif
11,abréviation,10,abRevjasj§
8,abscisse,5,apsis
10,abscission,7,apsisj§
7,abscons,5,apsk§
7,absence,5,aps@s
6,absent,4,aps@
8,absenter,6,aps@te
11,absentéisme,9,aps@teizm
11,absentéiste,9,aps@teist
6,abside,5,apsid
9,absidiole,8,apsidjOl
8,absinthe,5,aps5t
6,absolu,6,apsoly
10,absolument,8,apsolym@
10,absolution,9,apsolysj§
11,absolutisme,10,apsolytizm
9,absolvant,7,apsOlv@
9,absorbant,7,apsORb@
8,absorber,7,apsORbe
9,absorbeur,8,apsORb9R
7,absorbé,7,apsORbe
10,absorption,9,apsORpsj§
8,absoudre,6,apsudR
6,absous,4,apsu
7,absoute,5,apsut
8,abstenir,8,apst°niR
10,abstention,8,apst@sj§
15,abstentionniste,12,apst@sjonist
10,abstinence,8,apstin@s
9,abstinent,7,apstin@
11,abstraction,10,apstRaksj§
9,abstraire,7,apstRER
8,abstrait,6,apstRE
13,abstraitement,10,apstREt°m@
7,abstrus,6,apstRy
7,absurde,6,apsyRd
11,absurdement,9,apsyRd°m@
9,absurdité,9,apsyRdite
4,abus,3,aby
6,abuser,5,abyze
7,abuseur,6,abyz9R
6,abusif,6,abyzif
11,abusivement,9,abyziv°m@
5,abusé,5,abyze
5,abyme,4,abim
7,abyssal,6,abisal
6,abysse,4,abis
7,abyssin,5,abis5
10,abyssinien,8,abisinj5
9,abâtardir,9,abataRdiR
10,abécédaire,8,abesedER
5,abêti,5,abeti
6,abêtir,6,abetiR
12,abêtissement,9,abetis°m@
5,abîme,4,abim
6,abîmer,5,abime
6,acabit,5,akabi
6,acacia,6,akasja
7,acadien,6,akadj5
9,acadienne,7,akadjEn
11,académicien,10,akademisj5
8,académie,7,akademi
10,académique,8,akademik
14,académiquement,11,akademik°m@
10,académisme,9,akademizm
10,acagnarder,8,akaNaRde
6,acajou,5,akaZu
7,acanthe,4,ak@t
9,acariâtre,8,akaRjatR
9,accablant,6,akabl@
11,accablement,8,akabl°m@
8,accabler,6,akable
7,accablé,6,akable
8,accalmie,6,akalmi
10,accaparant,7,akapaR@
9,accaparer,7,akapaRe
10,accapareur,8,akapaR9R
12,accastillage,9,akastijaZ
11,accelerando,11,akseleRando
6,accent,4,aks@
9,accenteur,7,aks@t9R
12,accentuation,10,aks@t8asj§
9,accentuer,7,aks@t8e
8,accentué,7,aks@t8e
10,acceptable,9,aksEptabl
9,acceptant,7,aksEpt@
11,acceptation,10,aksEptasj§
8,accepter,7,aksEpte
9,acception,8,aksEpsj§
13,accessibilité,12,aksEsibilite
10,accessible,8,aksesibl
9,accession,7,aksEsj§
8,accessit,7,aksesit
10,accessoire,8,akseswaR
14,accessoirement,11,akseswaR°m@
13,accessoiriser,11,aksEswaRize
13,accessoiriste,11,akseswaRist
8,accident,6,aksid@
10,accidentel,9,aksid@tEl
16,accidentellement,12,aksid@tEl°m@
10,accidenter,8,aksid@te
9,accidenté,8,aksid@te
