8,académie,7,akademi
6,absent,4,aps@
10,absolument,8,apsolym@
1,a,1,a
6,absolu,6,apsoly
5,about,3,abu
6,abuser,5,abyze
7,aborder,6,abORde
6,abîmer,5,abime
6,abruti,6,abRyti
5,abîme,4,abim
8,accepter,7,aksEpte
10,abominable,9,abominabl
7,abandon,5,ab@d§
4,abus,3,aby
4,abbé,3,abe
9,abandonné,7,ab@done
6,abbaye,4,abei
7,abeille,4,abEj
16,accidentellement,12,aksid@tEl°m@
10,abonnement,7,abOn°m@
10,acceptable,9,aksEptabl
10,abandonner,7,ab@done
4,abri,4,abRi
7,absence,5,aps@s
7,absurde,6,apsyRd
8,absenter,6,aps@te
7,abdomen,7,abdomEn
9,abondance,6,ab§d@s
8,abattoir,7,abatwaR
6,aboyer,6,abwaje
7,abriter,6,abRite
7,abattre,5,abatR
6,accent,4,aks@
8,accident,6,aksid@
8,absorber,7,apsORbe
6,abattu,5,abaty
8,abstenir,8,apst°niR
5,abcès,4,apsE
7,abréger,6,abReZe
10,abstinence,8,apstin@s
10,accessible,8,aksesibl
9,absurdité,9,apsyRdite
6,abject,6,abZEkt
7,aboutir,6,abutiR
8,absinthe,5,aps5t
11,abomination,10,abominasj§
11,acceptation,10,aksEptasj§
8,abordage,7,abORdaZ
8,abaisser,5,abese
10,accidentel,9,aksid@tEl
6,abolir,6,aboliR
8,absoudre,6,apsudR
10,absolution,9,apsolysj§
11,abracadabra,11,abRakadabRa
10,abnégation,9,abnegasj§
10,aberration,8,abERasj§
5,abord,4,abOR
10,académique,8,akademik
5,abdos,4,abdo
4,able,3,abl
9,accentuer,7,aks@t8e
11,abstraction,10,apstRaksj§
8,accabler,6,akable
8,a priori,8,apRijoRi
8,abattage,6,abataZ
8,abstrait,6,apstRE
8,aberrant,5,abER@
10,absorption,9,apsORpsj§
6,abrupt,6,abRypt
6,abysse,4,abis
9,abat-jour,6,abaZuR
13,accessoiriste,11,akseswaRist
9,abdominal,9,abdominal
13,aboutissement,9,abutis°m@
8,abreuver,6,abR9ve
8,accalmie,6,akalmi
9,abolition,8,abolisj§
9,aboiement,6,abwam@
8,ablation,7,ablasj§
7,accablé,6,akable
9,abjection,8,abZEksj§
11,abréviation,10,abRevjasj§
6,abusif,6,abyzif
9,accablant,6,akabl@
9,abordable,8,abORdabl
9,abreuvoir,8,abR9vwaR
11,abaissement,7,abEs°m@
11,abondamment,7,ab§dam@
6,abonné,5,abone
7,abraxas,8,abRaksas
7,abonner,5,abone
10,a l'instar,7,al5staR
4,aber,3,abe
9,abasourdi,8,abazuRdi
7,abjurer,6,abZyRe
11,accablement,8,akabl°m@
9,accaparer,7,akapaRe
8,abrasion,7,abRazj§
7,absorbé,7,apsORbe
10,abécédaire,8,abesedER
10,abattement,7,abat°m@
6,acabit,5,akabi
6,acajou,5,akaZu
14,accessoirement,11,akseswaR°m@
10,abrogation,9,abRogasj§
11,abusivement,9,abyziv°m@
9,accession,7,aksEsj§
9,accidenté,8,aksid@te
9,acception,8,aksEpsj§
8,abatteur,6,abat9R
7,abattis,5,abati
11,abrutissant,8,abRytis@
11,absentéisme,9,aps@teizm
10,abstention,8,apst@sj§
11,absurdement,9,apsyRd°m@
11,académicien,10,akademisj5
4,abat,3,aba
6,abrité,6,abRite
13,abrutissement,10,abRytis°m@
9,acariâtre,8,akaRjatR
7,abscons,5,apsk§
11,absolutisme,10,apsolytizm
10,accessoire,8,akseswaR
7,abouler,5,abule
7,abrutir,7,abRytiR
11,abjectement,9,abZEkt°m@
9,aborigène,8,aboRiZEn
9,abstinent,7,apstin@
5,abusé,5,abyze
10,abyssinien,8,abisinj5
8,abondant,5,ab§d@
7,abroger,6,abRoZe
8,abdiquer,6,abdike
7,abricot,6,abRiko
9,absorbant,7,apsORb@
11,abruptement,9,abRypt°m@
13,accessoiriser,11,aksEswaRize
6,abrégé,6,abReZe
12,accentuation,10,aks@t8asj§
8,abattant,5,abat@
10,abdication,9,abdikasj§
9,abduction,8,abdyksj§
6,acacia,6,akasja
9,a capella,7,akapEla
10,a cappella,7,akapEla
10,a fortiori,9,afORsjoRi
14,abaisse-langue,7,abEsl@g
3,abc,5,abese
6,abouti,5,abuti
7,abrasif,7,abRazif
7,abribus,7,abRibys
7,abuseur,6,abyz9R
5,abyme,4,abim
7,acanthe,4,ak@t
12,accastillage,9,akastijaZ
9,acceptant,7,aksEpt@
9,abaissant,5,abEs@
7,abaissé,5,abese
14,abolitionniste,12,abolisjonist
7,abonder,5,ab§de
6,abordé,6,abORde
7,aboyeur,7,abwaj9R
13,abracadabrant,11,abRakadabR@
9,absorbeur,8,apsORb9R
7,abyssal,6,abisal
9,acadienne,7,akadjEn
13,accessibilité,12,aksEsibilite
7,abaisse,4,abEs
5,aboli,5,aboli
10,abricotier,9,abRikotje
8,abscisse,5,apsis
6,absous,4,apsu
9,abstraire,7,apstRER
10,accaparant,7,akapaR@
10,accapareur,8,akapaR9R
8,accessit,7,aksesit
10,accidenter,8,aksid@te
12,a posteriori,11,apOsteRjoRi
2,aa,2,aa
9,ab initio,8,abinisjo
5,abaca,5,abaka
7,abalone,6,abalOn
10,abasourdir,9,abazuRdiR
14,abasourdissant,10,abazuRdis@
9,abducteur,8,abdykt9R
8,ablution,7,ablysj§
14,abominablement,12,abominabl°m@
7,abortif,7,abORtif
7,aboyant,6,abwaj@
8,abritant,6,abRit@
6,abrogé,6,abRoZe
11,absentéiste,9,aps@teist
15,abstentionniste,12,apst@sjonist
6,abêtir,6,abetiR
7,acadien,6,akadj5
14,académiquement,11,akademik°m@
9,accenteur,7,aks@t9R
8,accentué,7,aks@t8e
11,a contrario,9,ak§tRaRjo
8,a giorno,8,adZjORno
10,ab absurdo,9,abapsuRdo
6,ab ovo,5,abovo
12,abandonnique,8,ab@donik
6,abaque,4,abak
8,abat-son,5,abas§
7,abatage,6,abataZ
6,abatis,5,abati
8,abbatial,7,abasjal
9,abbatiale,7,abasjal
8,abhorrer,5,abORe
7,abhorré,5,abORe
10,abjuration,9,abZyRasj§
7,abkhaze,5,abkaz
7,ablatif,7,ablatif
7,ablette,5,ablEt
4,aboi,4,abwa
8,abominer,7,abomine
10,abornement,8,abORn°m@
8,aboucher,5,abuSe
7,aboulie,5,abuli
9,aboulique,6,abulik
11,aboutissant,7,abutis@
9,abreuvage,7,abR9vaZ
7,abreuvé,6,abR9ve
11,abri-refuge,9,abRiR°fyZ
10,abricotine,9,abRikotin
11,abrutisseur,9,abRytis9R
10,abréviatif,10,abRevjatif
10,abscission,7,apsisj§
6,abside,5,apsid
9,absidiole,8,apsidjOl
9,absolvant,7,apsOlv@
7,absoute,5,apsut
13,abstraitement,10,apstREt°m@
7,abstrus,6,apstRy
7,abyssin,5,abis5
9,abâtardir,9,abataRdiR
5,abêti,5,abeti
12,abêtissement,9,abetis°m@
10,académisme,9,akademizm
10,acagnarder,8,akaNaRde
11,accelerando,11,akseleRando
